Order_ID,Customer_ID,Cakes_ID,Cake_Shop_ID,Quantity,Description
159.52.109.60/20,244.226.189.84/12,dab1:a3b7:e221:d10d:7d0c:a588:8bed:76a4/60,6f47:d6d9:40c9:280d:d716:9b52:1a22:b4c2/40,8,Adventure|Children|Comedy
134.213.16.235/23,131.48.110.27/7,a935:e157:74f2:1bca:96:6b2d:9a6d:4178/119,6f1e:242a:211a:f6ab:83f0:d6c3:e82a:99aa/61,8,Documentary
68.147.234.223/27,21.16.243.133/3,d70c:e879:3d01:bb9f:a106:7d61:e365:32d9/116,81c7:e79a:d7fa:8ab2:cd67:4459:178d:b029/69,4,Drama
118.151.146.246/10,61.61.80.36/26,406c:d048:44de:52d0:4847:3318:26c5:dbc2/24,b8f8:6d1a:8d72:2c77:2d76:fd4b:3f89:cabb/30,3,Drama
222.176.61.135/24,59.214.212.71/21,7848:8701:1f24:4f46:40f2:ccdb:82e5:3e30/29,54d0:7e10:dde6:1f16:b8d1:ed94:8574:9921/89,2,Adventure|Children|Comedy|Fantasy|Horror
75.236.236.212/29,167.129.234.25/5,555a:6123:8f8:ad7d:303:5fae:8b05:19ce/9,40:fe74:7c9c:7f6d:487b:7a73:16d6:c5ab/54,10,Crime|Drama
65.76.51.82/8,155.13.203.40/18,4143:c981:6828:afb7:8a7e:4312:c513:af65/65,8ae8:eebf:73f3:fd11:fa5d:1a24:f2d9:3745/104,2,Action
141.176.221.0/7,153.89.218.78/24,ab4b:975:1089:76b1:a2f5:a5a9:df8b:f3a0/40,4cfd:507:8f13:417:8040:a9bd:72b4:cb4/84,7,Documentary
243.106.149.55/17,176.226.176.208/6,2d7f:53e8:fa90:ba43:9d0a:5467:f86c:40b7/1,6af0:3af1:dddc:8d:2e3c:dbc:9801:e560/127,7,Comedy|Musical
22.229.93.59/16,203.115.161.32/7,b273:6549:b318:b9be:a2bf:11b3:a469:f538/99,9b39:5212:4ccd:175b:531c:4342:bb41:2017/96,4,Mystery|Thriller
161.47.73.237/2,165.67.105.116/25,2423:7bd9:2084:cd7:b5e:a915:89e6:c62/56,2106:deab:17c1:d00b:9032:8bec:d893:6704/93,9,Horror|Thriller
240.84.7.153/14,112.44.121.226/31,93c4:9354:cbf8:eaf2:51d3:c600:7462:ca6c/54,b2a6:3721:fdfc:4c93:5ee1:221f:e40d:624b/83,2,Drama|Musical
105.185.30.240/25,227.216.157.88/21,f6b9:a4d8:3170:7363:6eaf:5759:b8da:2a03/18,7d01:7d26:cf33:de4e:30db:2c40:ded:a9d1/57,3,Drama
21.213.197.36/15,136.253.218.163/30,4847:81e8:6d21:a8e:66fe:a81c:74a3:4a2/65,4bb5:d5b:6f9:c40c:53e6:5a36:f4c8:d559/127,6,Horror
242.154.152.36/1,201.4.101.177/19,f886:4e0:5672:6558:b949:1470:4833:1a79/105,b850:20c1:be6:d3c:54cd:d78e:4a24:77ca/71,5,Crime|Drama
46.188.250.29/25,243.177.162.194/3,e5f4:7fba:83f3:39a2:67c2:4272:9315:9715/42,2522:6f2f:b651:bee9:4738:5fc6:b7ab:b685/56,4,Comedy|Horror|Mystery|Thriller
6.228.71.8/16,209.112.225.216/27,8464:9331:b32:560f:3a98:ec20:73e5:bcba/100,87db:7e10:c6e6:5afc:841:26b7:d071:221c/9,9,Drama
25.209.115.97/3,113.116.191.39/27,1662:2ab4:958b:96dc:8b6c:3f4:49cf:58bb/76,c1f6:d82b:9e56:c4dd:6a74:53b7:71bd:ac2c/92,9,Comedy
159.210.30.157/14,87.226.179.48/16,792d:58c1:5e0d:111e:5436:1f9f:d980:1552/85,771:ab5d:2fcb:16f9:3b7b:9c76:fe45:7d8e/40,9,Drama|Sci-Fi|Thriller
135.23.10.139/25,235.73.181.42/2,e60a:5dee:26d6:db04:9000:6cde:5474:96d7/43,5629:313e:faba:d941:c68f:d270:b5fc:85e4/66,5,Action|Horror|Sci-Fi|Thriller
130.170.169.122/22,101.117.250.115/15,ef2a:8b4d:1e95:d76f:25b1:4860:94c0:bba/125,ccbf:88c0:7e56:a113:8650:9b9a:20e0:6b4b/100,1,Comedy|Drama|Romance
236.108.152.67/13,10.85.200.57/21,a837:e09d:c222:893e:ebed:6d4d:4ed3:8fa/62,f9cd:76eb:d0d2:2b7d:4652:4c78:4c3e:99ae/102,5,Comedy|Musical
66.90.93.26/20,102.188.88.143/18,2157:c0d4:9f32:673a:adca:145f:7d5a:c7ad/43,9f0b:711a:108f:e285:6914:74e7:151:2d72/35,7,Drama|Thriller
44.66.31.137/13,236.158.169.0/29,a35e:7ecd:6e02:4e20:db10:2df6:b193:203e/114,973b:2ab6:49a7:aac3:d7ae:97e:4a56:9029/86,2,Horror
0.29.188.81/13,105.252.98.227/18,d8ab:73fe:b83b:3d1a:226:da20:53d9:eb59/45,c2e6:d1e7:8303:993f:8d4:41ab:268:f10f/90,5,Crime|Drama|Thriller
174.22.102.216/5,140.33.114.170/16,5b97:abe2:6cec:5219:658:9dc7:a5cf:90ff/37,319c:9fe6:ce2f:972:bf5a:4175:8a1a:504d/101,4,Drama
85.66.140.108/10,231.39.49.47/9,8608:a4e7:9342:9896:eabc:4a2:4b1d:41e6/57,3b4a:649:c317:c41a:c5f8:9f53:97a0:e5a4/22,10,Comedy|Drama
149.172.130.98/21,228.113.22.119/3,cc7e:3dc0:2ecb:7b18:7a15:777d:8580:1dd1/9,df26:88e9:c33:7fe8:e33b:1926:a89d:a98c/29,6,Drama|Thriller
253.40.83.169/26,113.151.65.73/5,f123:544f:3067:950c:1c1f:8ee9:ed3f:8fd7/72,c267:1aa3:7306:1b2d:6527:597e:81e0:f1d7/6,9,Drama
19.99.1.255/19,22.5.20.230/13,f3aa:24ff:9c83:f5a2:3dcd:bd47:3612:25c5/59,c66d:e14f:2874:4168:3095:2e7d:df4b:235c/97,5,Comedy|Drama|War
22.215.73.69/4,105.15.98.246/7,dad7:a64d:33bd:8000:b193:61a5:2e48:be40/124,e2b0:59a1:137f:4aff:9ee8:6612:3a6d:f32b/45,6,Drama|Romance|War
182.135.1.103/2,74.46.95.30/28,486d:6419:84eb:f1d7:bcbc:f544:54ce:4825/53,58a7:6247:c0a6:a720:c9fb:b186:9754:33ab/54,8,Drama
62.1.54.246/25,111.237.27.30/5,72ef:593a:b0b:8dde:afe:8a79:3aa7:34ba/22,64d7:2f76:6bb0:6ed3:d036:205b:5386:9d2c/58,1,Drama
4.230.167.12/2,216.92.47.184/16,fbac:7160:4c66:b734:822b:b0e2:cdcf:b63/125,fb3c:a70d:226a:88c4:1581:8b30:8912:35f0/118,5,Drama
163.53.243.203/14,247.57.0.186/3,bceb:f144:19c0:f588:e291:2278:e8b6:89f6/111,fecc:905a:e6cb:bd2a:87a0:e4c8:7807:e7ab/77,1,Adventure|Animation|Children|Drama|Fantasy
228.139.106.179/17,114.219.74.177/30,25b:78b6:ae5e:6060:591a:4682:58d9:f8bb/101,3459:4824:86d:5511:45d0:e04d:95d8:ea9c/15,6,Drama
140.199.224.174/26,140.136.31.74/26,b0c4:8196:9e96:9072:ad07:db8:6a09:404c/43,bb59:3533:1b01:93b0:a5cb:a7c8:d2f7:e824/110,3,Drama|Thriller
126.224.177.183/11,152.159.194.113/2,ab39:165f:aed0:1789:f308:be7a:b883:f0ab/23,83ca:3d5a:df30:6c63:e71d:d60f:a6d1:8fac/127,9,Animation|Comedy|Drama
41.56.177.109/28,129.78.80.28/14,380f:fa2a:e41c:f705:871f:b1a4:1dde:21f/43,4e30:69ac:973d:ceee:df8f:6bb:d85b:6808/86,1,Adventure
122.69.61.150/6,122.76.247.45/9,ea4f:7069:e73d:360c:f98d:70e:7815:7d7c/37,1c07:5588:3f90:a615:97cf:d963:f224:f1e4/115,6,Animation|Children|Comedy
207.19.193.25/31,143.199.25.139/4,d686:746:dd62:c368:c7c7:27aa:4f19:399a/4,a240:914d:94e2:3aac:3ab1:9b26:a961:65f6/122,4,Crime|Drama|Thriller
181.69.144.58/21,144.48.86.211/1,afb0:57d0:78aa:6f20:90a3:2826:caf8:58f1/122,5aa:e68:35bf:5c4f:e759:56ca:b6:eb51/100,9,Comedy|Horror|Thriller
131.183.171.22/1,24.34.253.150/18,7c60:155a:c571:a065:ad3a:b44c:cef3:c506/101,52a8:22f8:316b:1495:6807:718f:1168:3609/104,8,Comedy|Crime
38.73.124.52/12,142.208.96.44/19,b39f:51f4:6ecc:938:b1db:2fd9:71cd:245/90,be4e:cd7d:2720:c027:243b:a38b:727f:8d7f/78,1,Documentary
117.50.68.51/9,49.161.97.88/24,8445:9ee2:e2f5:6e84:1b22:a9:ed28:629e/19,77da:f08f:c79b:fce7:befe:f9d1:5356:3fc5/71,8,Comedy
33.69.194.163/10,215.234.166.218/2,91d8:eabd:b933:71eb:71b:5868:a4ed:10a2/6,d92f:41f7:b4c9:70b9:809f:3bf0:6ea9:c4f6/106,4,Crime|Drama|Mystery
52.202.44.23/29,55.84.80.23/12,a721:ed59:4cc0:681e:626b:1f2a:2a82:5548/42,635d:de78:f67a:b4cb:db19:d615:e931:d5df/30,5,Drama|Sci-Fi|Thriller
97.243.72.89/14,168.181.94.116/31,7091:97b8:e542:8868:cd21:708b:b3e1:a23e/56,594d:20b5:5d80:27c1:77bf:7019:2347:67b1/6,2,Crime|Drama|Romance
72.109.75.114/11,31.1.10.84/15,a0ad:e95:d7e9:e930:f24:7bbb:9cc8:4145/35,d953:b318:4d66:fd84:ba80:bd3d:8c33:1d61/68,5,Comedy|Drama
70.77.223.3/24,74.54.36.40/13,886d:c3f7:7936:2ac:35e4:1dd7:92b7:636d/126,6cf4:4197:d97d:ca9c:333c:6808:3126:be35/115,1,Comedy
179.222.217.19/25,225.16.161.131/30,7479:dc6d:aef5:920b:cc42:2481:1fa0:dd4d/19,c776:b2c:380:be7b:5a32:89e2:ed6:8d3d/117,4,Horror
15.191.78.211/4,199.195.30.36/25,8b60:f52c:cca6:546e:7935:4287:15ca:8b6b/98,ddc8:30e7:886:1507:50e6:4775:c922:a652/45,6,Drama|Romance
231.154.236.245/12,227.86.54.222/8,aa32:e794:2f08:3f00:4cc2:75a4:fbc6:f6a9/116,1886:154d:5b12:bae5:6cd7:2ff4:c4d2:3aaf/35,1,Action|Crime|Musical
173.216.190.35/17,253.94.207.43/13,df50:4587:9c0d:400e:9600:bd84:d958:4411/69,b97a:5f19:c9b0:a838:f109:effe:5bfd:71bc/63,3,Drama
12.110.99.70/23,66.33.216.56/16,8d18:6eec:bdc:e87f:e68e:1f58:a5fa:aaf/114,1bc:d17c:6f45:8e4f:f31a:fa7c:d332:718d/120,5,Comedy
212.91.249.242/13,233.225.253.206/31,e4fd:5721:2c11:2109:e0f5:4cc4:540b:3acc/43,f14b:21b8:e818:a872:4142:dad8:186f:b3ad/105,5,Drama
158.108.32.238/22,69.222.212.162/31,9efb:49ba:294f:a434:afc1:a8b5:fdee:4f79/14,1188:9785:2b9c:800e:e878:fdbf:ede5:44ce/83,2,Drama
117.70.99.64/18,151.181.224.141/4,4db3:47ba:d498:6134:b16e:abc8:74e7:cc/29,9076:a86b:d5ed:7bc6:b90:94f8:5a00:928b/71,2,Sci-Fi
78.236.186.247/10,75.126.104.138/10,82de:7c65:57d3:99f4:bc92:ba28:aadf:e7e6/12,7d80:47b8:febb:e777:a7d5:9400:a41a:67fe/93,7,Documentary
25.71.88.228/29,241.83.38.71/27,1017:4db5:e55f:6cbb:57f1:8e60:5045:91d3/14,5f5a:7f5:483a:22c2:1e66:979c:adcb:812/36,4,Animation|Children|Fantasy
207.134.23.171/3,200.236.67.147/31,3ea2:55fa:d9e8:27c2:a425:b616:4f84:6c0c/75,786d:55ca:6455:59af:6d1d:7752:a14c:f18/113,4,Comedy|Romance
164.78.16.187/10,54.158.83.61/26,9845:4c0:5e71:47c0:f4af:2435:470c:fbea/75,2f84:d86b:5d66:8bb0:6d83:98d1:4c05:ce67/7,1,Animation|Children|Fantasy
154.66.57.140/29,176.138.150.27/13,44b:b137:faaa:bc16:7b53:6072:4640:ed45/107,d29a:cb1d:5733:1f00:6d7e:717e:2e77:fcd8/49,8,Drama|Horror|Thriller
136.221.150.215/15,121.185.161.237/8,6414:3daa:2e15:25f8:94c0:fb23:f0bc:6ce9/124,ce6a:3010:7a77:a81d:dec5:e9ed:2953:eae8/29,6,Adventure|Children|Drama|Fantasy|IMAX
109.153.42.165/21,235.101.20.30/31,aaa0:6bf7:f410:66b0:39dc:c794:d74b:f57e/22,213f:3ee2:d112:cdbb:3866:3ada:5e6a:92b9/12,7,Documentary|Horror
207.209.153.186/30,78.192.159.11/29,6f4b:452e:1c27:21e9:820e:44f9:d796:c118/101,49a2:8bab:e370:fc2:9418:a758:dfb9:69ed/74,9,Drama
227.193.253.60/28,226.213.142.156/24,de74:44ff:f03:8cc3:3921:d100:a8fe:3505/78,d86a:88a1:8ab8:c358:3df7:497e:947c:9eda/94,9,Drama
215.123.43.42/3,24.247.23.17/22,67e4:beca:f3ab:b742:2b06:8bf6:a19c:837f/76,51c7:edaf:cf14:80c1:36ad:e607:5cc2:25c7/65,7,Adventure|Children|Fantasy
83.216.226.30/19,203.197.76.187/28,3271:7eb9:4735:b00b:d4be:9f7e:1a7:e383/72,82a5:c07e:9f64:d6b4:105f:c329:6687:9014/70,6,Comedy|Drama|Fantasy|Romance
233.178.182.86/16,113.108.232.108/10,c10:7fc9:65ff:4c0f:c197:7b79:76d0:3f3/68,bd2:835c:7cef:9f18:716f:59:5e7e:640f/114,6,Drama|Thriller
136.174.10.20/30,94.133.104.230/5,156c:5b9d:3aac:a6bb:c3bc:f719:38f0:c433/67,a22c:c0bd:35cf:bcfb:5e4f:b70b:dd20:9087/94,5,Drama|Musical|Romance
75.117.152.172/12,219.215.26.228/14,cba5:f23a:557d:7378:5a03:8b6d:cc88:8a71/95,eeb:8b1:1651:15ab:d801:8000:213f:47e6/114,10,Documentary
136.94.196.149/21,118.196.45.206/23,81b0:ca66:d3ea:be80:f6b5:46bd:6250:f335/110,f011:2bf:cac1:fa59:771b:3d16:385b:4f80/117,4,Action|Thriller
38.147.143.42/10,231.110.128.145/17,1052:d9a7:4c40:ea04:6273:157c:6960:e48/90,ef4d:42a4:479e:5196:1ee4:2462:b462:5249/123,1,Comedy|Romance
211.183.119.1/19,161.111.234.134/3,7a81:6558:df5b:f0a7:70da:ab49:e1b0:c198/67,b24c:a26c:8c24:aa88:ec02:e08:c595:de1e/105,7,Drama
60.8.181.32/9,105.255.235.101/24,fd7a:38a5:199d:6bfd:6b00:1eb0:191e:9ab/68,5ce7:44a0:f30:396c:868:4aef:b837:e5b1/109,5,Thriller
8.177.225.179/29,63.116.237.52/3,573e:7fa4:1c1:ba1f:eca5:9069:d1f4:d021/120,612a:4324:532e:ff5c:9f0a:b82e:2c3f:3e8d/33,10,Comedy
104.139.80.146/18,117.184.193.56/7,5f91:962c:ef82:53b3:c444:2983:c0b4:7ede/77,392a:a288:37e9:5cd2:2c82:94ed:3a8a:c5b2/25,5,Comedy
240.54.101.9/16,35.137.56.178/5,3541:4da5:c242:6f8f:902a:82f0:5af3:9a28/78,4473:342d:3d21:619c:7d9d:1d4e:b786:e42f/83,10,Crime|Drama|Sci-Fi|Thriller
25.150.23.169/30,27.35.183.31/12,3ff0:5e5c:5df:f21c:90cc:bed5:2451:5816/86,dd3a:8aba:9b6e:2c75:543a:a8d3:ddd0:5f29/86,10,Musical
253.12.192.60/18,225.67.173.190/29,fae8:5c6:4670:bde5:cedd:e2cc:5a29:845b/95,ee3b:72fa:c8a8:fd8b:2455:ef98:2ced:90ef/107,9,Documentary
59.50.100.244/19,109.208.222.148/8,a0b5:e8c:fc0:df12:8ee8:e8b3:5bb0:d6f7/91,4538:63f5:30f3:cf6:f8e2:5492:22dd:66a3/103,2,Drama
160.10.146.228/25,156.183.119.119/13,f04b:99a2:65dd:5f32:d7cf:ec5:ac65:ac69/93,6734:2353:8a87:37db:d5c5:3511:c8ae:647a/120,10,Drama|Horror
160.25.43.215/28,236.162.102.166/31,8d3a:ef88:a464:7925:d6ab:6f47:aabe:4565/40,7915:4eae:4e57:60d:d9c6:7918:dd7c:573d/69,7,Children|Musical|Romance
217.64.169.43/31,101.14.144.124/15,f648:5188:4a6c:81c4:414a:257a:5fb1:f548/53,f1eb:4bef:a6a1:eb6e:35ca:2b38:87c1:e584/72,2,Comedy|Drama|Romance
6.172.105.133/26,227.80.212.32/11,fd13:fcb0:7121:cd6a:119e:4275:b388:36b0/16,3543:e412:5dcf:8e54:b663:7f8b:4644:6bd3/91,6,Romance|Western
223.65.213.214/26,187.176.150.104/15,671e:33fa:f5de:555e:7cd9:1218:a808:19ac/115,5211:188c:8ef0:dc76:9081:775a:4e68:f3da/90,2,Comedy|Romance
238.20.122.128/31,140.35.64.121/23,85b3:a2b8:398f:d718:d95e:39c9:7cb7:25be/72,4c81:2228:20eb:39cf:bd98:d745:df27:875d/43,1,Drama|Thriller
247.239.224.126/9,116.179.133.69/22,fa48:4749:b239:40d0:3fef:12aa:520a:744b/79,59b6:1358:9e02:6cb:a50c:7f5d:e7bd:18d1/85,4,Comedy
87.71.58.148/8,137.120.35.154/1,b975:adfb:5462:3d6d:4765:fd5f:bac7:b2eb/45,58c6:e093:4a96:a822:43de:5e19:92d6:4ad8/31,5,Comedy
191.197.122.25/2,112.236.40.227/7,2742:b84f:de87:6385:1562:b58d:dd66:c44f/82,2e49:9e85:3223:c954:8521:b07b:f1c5:4223/71,3,Crime|Drama
61.92.220.137/21,195.175.22.129/15,185:b036:84b9:9d32:e891:c1c9:9eb3:612d/126,ef64:1948:db92:3d88:b24b:b10d:9e75:d4ac/100,5,Adventure|Comedy|Musical|Romance
64.112.117.223/21,58.156.68.154/30,cbbf:b88a:8a6c:ac15:cd79:9675:5ff2:c4/24,612:a3c2:2d53:1dac:1f7c:71d:a47f:d0b8/70,3,Action|Sci-Fi|Thriller|IMAX
64.161.0.183/13,10.137.61.30/12,e382:c4c9:82b9:c663:c06c:4be3:b87b:10bd/35,f867:408c:784:8afe:f845:4b65:80c5:a834/120,10,Action|Comedy|Crime|Drama|Thriller
51.38.223.164/29,133.105.223.173/31,e39d:8dba:7696:ba2f:a4ee:2fae:aaab:595c/105,240e:71b3:2f60:ee74:d47f:4385:23ed:d645/127,1,Comedy
19.253.167.229/10,254.120.52.158/9,8a13:2ec9:2c7e:e673:d359:6ed5:2824:90e/56,78d0:c643:fe44:d6f6:db6:e5c5:69e7:7fc0/64,1,Drama|Romance
148.253.42.212/31,180.43.182.161/21,f29f:2ed8:6dcd:23cc:516b:cffb:2892:273c/53,c4e6:db21:b24d:5cd7:dfb6:98fc:ff58:c114/104,5,Drama
229.201.227.212/6,128.19.190.251/18,b03c:7d4e:7266:774e:63e0:3b14:b0a1:9e69/88,81b:7e72:54ae:3af:e014:1967:95bf:eb12/47,4,Drama|Horror|Sci-Fi
9.146.196.22/3,251.201.201.177/28,f946:2a62:7e96:a189:59c3:4a90:8dab:c447/123,f506:3a03:58fd:cff6:1fe:d04e:d968:c57a/127,6,Drama|Romance
44.170.224.228/28,189.1.240.64/14,80df:4302:fc6a:df6d:f22:2171:b8aa:e947/108,bd64:1c0d:247e:1018:a8ac:19f0:4f87:50be/79,9,Comedy
